Ablaktisztító;
Abszint;
Áfonya;
Akvárium;
Alkoholmentes;Alkoholmentes sör
Alkoholmentes;Alkoholmentes pezsgő
Alma;
Általános tisztító;
Alutálcás;
Ananász;
Arcápolás;
Arcápoló;
Ásványviz;
Avokádó;
Babaápolás;
Baguette;
Baguette;Fagyasztott baguette
Banán;
Bárány, birka;
Baromfi;Fagyasztott baromfi
Befőtt;
Befőzés alapanyag;
Bőrápolás;
Borotvahab;
Borotvakészülék;
Borotvapenge;
Borotvazselé;
Brandy;
Brokkoli;
Bugyipelenka;
Burgonya;Fagyasztott burgonya
Burgonya;
Burgonyaszirom;
Bútorápoló;
Cappuccino;
Champagne;
Chips;
Cider;
Cipőápoló;
Cipőfűző;
Citrom;
Citromlé;
Croissant;
Cseresznye;
Csirke;
Csokifigura;
Csokoládé;
Csokoládészelet;
Csomagoló;
Csomagolt hús;
Csomagolt kenyér;
Csomagolt saláta;
Cukor;
Darált hús;Csomagolt darált hús
Datolya;
Desszert csokoládé;
Diabetikus;
Dió;
Durumtészta;
Durumtészta;
Ecet;
Édes keksz;
Édes pékáru;
Édes;Édes hazai fehérbor
Édes;Édes hazai rosébor
Édes;Édes hazai vörösbor
Édes, félédes;Édes, félédes gyöngyözőbor
Édesítőszer;
Édesvízi;
Egyéb alapanyag;Egyéb sütés-főzés alapanyag
Egyéb édesség;
Egyéb készétel;
Egyéb olaj;
Eldobható borotva;
Energia- és sportital;
Ételecet;
Ételízesítő;
Étolaj;
Fagyasztott élelmiszer;
Fagylaltpor;
Fehér;Fehér nemzetközi bor
Fehérítő;
Fekete tea;
Félédes;Félédes hazai fehérbor
Félédes;Félédes hazai rosébor
Félédes;Félédes hazai vörösbor
Félszáraz;Félszáraz gyöngyözőbor
Félszáraz;Félszáraz hazai fehérbor
Félszáraz;Félszáraz hazai rosébor
Felvágott;
Férfi borotválkozás;
Férfi dezodor;
Férfi golyós deo;
Férfi parfüm;
Férfi sampon;
Férfi stift;
Férfi tusfürdő;
Fertőtlenítő szer;
Fitness táplálékkiegészítő;
Fogkefe;
Fogkrém;
Fogselyem;
Fólia;
Folttisztító;
Folyékony fűszer;
Folyékony mosószer;
Folyékony szappan;
Forró csokoládé;
Főzőtejszín;
Friss kenyér;
Friss saláta;
Friss tejital;
Frissen préselt;
Füge;
Fürdés, kézmosás;
Fürdősó;
Fürdőszoba;
Füstölt áru;
Fűszerezés;
Fűszerkeverék;
Gabonapehely;
Gépi mosogatás;
Gesztenye;Fagyasztott gesztenye
Gesztenye;
Gin;
Gomba;
Gombóc és derelye;Fagyasztott gombóc és derelye
Görögdinnye;
Gránátalma;
Grépfrút;
Grilltermék;
Gumikesztyű;
Gyerekfürdető;
Gyereksampon;
Gyógyászati segédeszköz;
Gyógytea;
Gyomorkeserű;
Gyöngyözőbor;
Gyorspác;
Gyufa;
Gyümölcs;Fagyasztott gyümölcs
Gyümölcs;
Gyümölcsbor;
Gyümölcsital;
Gyümölcskonzerv;
Gyümölcslé;
Gyümölcslé;
Gyümölcstea;
Habfürdő;
Habtejszín;
Hagymák;
Hagyományos;Hagyományos pezsgő
Hajápolás;
Hajbalzsam;
Hajfesték;
Hajformázás;
Hajpakolás;
Hal;
Halkonzerv;
Hazai fehérbor;
Hazai rosébor;
Hazai vörösbor;
Hidegsaláta;
Hintőpor;
Hurka-kolbász;
Húskészítmény;
Húskonzerv;
Hússpecialitás;
Hüvelyesek;
Hüvelyesek;
Illat;
Inkontinencia;
Instant ételalap;
Instant levespor;
Intim betét;
Intim tisztálkodás;
Italpor;
Ízesített ecet;
Ízesített szeszesital;
Ízesített;Ízesített pezsgő
Jegestea;
Jégkrém;Fagyasztott jégkrém
Joghurt;
Jutalomfalat;
Jutalomfalat;
Kacsa, liba;Csomagolt kacsa, liba
Kacsa, liba;
Kakaó;
Kakaó, kávé;
Káposzták;
Karfiol;
Kávé ízesítésű ital;
Kávé;
Kávékrémpor;
Kávétejszín;
Kecske-, juhsajt;
Kefír;
Kekszfélék;
Kendő;
Kesudió;
Kész desszert;
Kész pizza;
Kész tészta;
Ketchup;
Kézápolás;
Kézi mosogatás;
Kifli;
Kisállat;
Kivi;
Klasszikus fűszer;
Koktél;
Kókusz;
Kolbász;
Konyha;
Konyhai papírtörlő;
Konzerv készétel;
Körte;
Kozmetikum;
Kréker;
Krémsajt;
Krémtúró;
Kukoricapehely;
Különlegesség;
Különlegesség;
Kutya;
Kutyakonzerv;
Kutyaszalámi;
L-XL méret;
Lábápolás;
Lefolyótisztító;
Légfrissítő;
Lekvár;
Levesbetét;Fagyasztott levesbetét
Leveskocka;
Levestészta;
Levestészta;
Likőr;
Lime;
Liszt;
M méret;
Macska;
Macskaalom;
Macskakonzerv;
Macskasampon;
Magvak;
Májas;
Májas;
Majonéz;
Malaga bor;
Málna;
Mandarin;
Mandula;
Mangó;
Margarin;
Marha;Fagyasztott marha
Marha;Csomagolt marha
Marha;
Mártás;Fagyasztott mártás
Meggy;
Melegszendvicskrém;
Méz;
Mogyoró;
Mogyorókrém;
Mosogatószer;
Mosópor;
Mosószer;
Mosószerkapszula;
Mustár;
Müzli;
Müzliszelet;
Nadrágpelenka;
Nápolyi;
Napraforgó;
Narancs;
Natúr hal;Natúr hal
Nektarin;
Nemzetközi bor;
Női dezodor;
Női golyós deo;
Női higiénia;
Női parfüm;
Női sampon;
Női stift;
Női szőrtelenítés;
Női tusfürdő;
Növényirtó szer;
Nyúl;
Öblítő;
Olaj;
Olívabogyó;
Olívaolaj;
Őrlőfejes fűszer;
Ostya;
Őszibarack;
Óvszer;
Padlóápoló;
Pálinka;
Panírmorzsa;
Panírozott csirke;Fagyasztott panírozott csirke
Panírozott hal;Fagyasztott panírozott hal
Panírozott pulyka;Fagyasztott panírozott pulyka
Papíráru;
Papírzsebkendő;
Paprika;
Paradicsom;
Patika;
Pelenkatartó-zacskó;
Pelenkatartó-zacskók;
Pelyhek, müzli;
Penészfolt ellen;
Pezsgő;
Piskóta;
Pisztácia;
Pizza;Fagyasztott pizza
Pomelo;
Popcorn;
Poralap;
Portói;
Puding;
Pudingpor;
Pultos hús;
Pulyka;Csomagolt pulyka
Pulyka;
Rágcsálnivaló;
Rágógumi;
Rántott sajt;Fagyasztott rántot sajt
Rántott zöldség;Fagyasztott rántott zöldség
Répa és gyökérzöldség;
Rétes, torta;Fagyasztott rétes, torta
Ribizli;
Ringló;
Rizs;
Rizs;
Rizs, tészta;
Rizs, tészta, hüvelyesek;
Rosé;Rosé nemzetközi bor
Rovarirtó;
Rum;
S méret;
Sajt;
Sajtspecialitás;
Saláta fűszerpor;
Saláta, friss sajt;
Salátafélék;
Salátaöntet;
Sangria;
Sárgabarack;
Sárgadinnye;
Savanyúság;
Savanyúság;
Sertés;Csomagolt sertés
Sertés;
Sherry;
Só;
Sonka;
Sör, cider;
Sós keksz;
Sós magvak;
Sós pálcika;
Sós pékáru;
Súrolószer;
Sütemény;
Süteményalap;
Sütés-főzés hozzávaló;
Sütőpapír;
Szájápolás;
Szájvíz;
Szalámi;
Szalonna, bacon;
Szalvéta;
Szappan;
Száraz;Száraz gyöngyözőbor
Száraz;Száraz hazai fehérbor
Száraz;Száraz hazai rosébor
Száraz;Száraz hazai vörösbor
Száraz;
Szárított gyümölcs;
Szeder;
Szemeteszsák;
Szendvicskrém;
Szénsavas;Szénsavas ásványvíz
Szénsavas;
Szeszesital;
Szilva;
Szivacs;
Szójatermék;
Szójatermék;
Szőlő;
Szörp, szirup;
Szósz, mártás;
Szósz, mártás;
Táblás étcsokoládé;
Táblás fehércsokoládé;
Táblás tejcsokoládé;
Takarítóeszköz;
Tampon;
Tartós tejital;
Tea;
Teasütemény;
Tej, tejital;
Tejberizs, tejbegríz;
Tejdesszert;
Tejföl;
Tejpor;
Tengeri;
Tequila;
Testápolás;
Tészta;
Tészta;
Textilpelenka;
Tisztasági betét;
Tisztítószer;
Törlőkendő;
Törlőkendő;
Torma;
Tortaalap;
Túró;
Túródesszert;
Uborka;
Üdítőital;
Úszópelenka;
Vadhús;
Vaj;
Vajkrém;
Vatta;
Vatta;
Vermouth;
Virsli;
Vitamin és étrendkiegészítő;
Vitamin;
Vízkőoldó;
Vodka;
Vörös;Vörös nemzetközi bor
WC papír;
WC-tisztító;
Whisky;
Zabpehely;
Zacskós leves;
Zöld- és fehértea;
Zöldség;
Zöldségkonzerv;
Zsemle;
Zsír;
Zsíroldó szer;
Alutálcás;Alutálcás eledel
Babaetetés;
Barna;Barna sör
Bébi főétel;
Bébi ital;
Bébi pép;
Bébi tápszer;
Bébidesszert;
Bor, pezsgő;
Búza;Búza sör
Csapolt;Csapolt sör
Csirke;Csomagolt csirke
Cumi;
Cumisüveg;
Édesség, sós nass;
Eledel állatoknak;
Élőflórás;Élőflórás joghurt
Előke;
Enyhén dúsított;Enyhén dúsított ásványvíz
Ételalap, levespor;
Ételízesítés;
Evőeszköz;
Fehérpenészes;Fehérpenészes sajt
Félkemény;Félkemény sajt
Gabonatermék;
Gyerekital;
Háztartás;
Hús, hal, felvágott;
Hűtést igénylő;Hűtést igénylő tej
Ital;
Ízesített;Ízesített ásványvíz
Ízesített;Ízesített sör
Ízesített;Ízesített joghurt
Joghurt ital;Joghurt ital
Junior gyerekitalok;
Kékpenészes;Kékpenészes sajt
Kemény;Kemény sajt
Készétel;
Konzerv;
Madár;Madár eledel
Natúr és görög;Natúr és görög sajt
Pékáru;
Rágcsáló;Rágcsáló eledel
Reszelt;Reszelt sajt
Sertés;Fagyasztot sertés
Száraz;Száraz eledel
Szeletelt;Szeletelt sajt
Szénsavmentes;Szénsavmentes ásványvíz
Szépség;
Tartós;Tartós tej
Tejtermékek;
Tenger gyümölcsei;Fagyasztott tenger gyümölcsei
Tojás;
Világos;Világos sör
Zöldség;
Zsiradék;
